titre,country of origin,genre,publication date,platform,game mode,PEGI rating
Saints Row: Gat out of Hell,United States of America,action-adventure game,2015-01-20T00:00:00Z,"Xbox One, PlayStation 4, PlayStation 3, Xbox 360","multiplayer video game, single-player video game",18
Tales of Zestiria,Japan,role-playing video game,2015-01-22T00:00:00Z,"PlayStation 3, PlayStation 4",single-player video game,16
Dying Light,Poland,action-adventure game,2015-01-27T00:00:00Z,"PlayStation 4, Xbox One","single-player video game, multiplayer video game, cooperative gameplay",18
Life Is Strange,France,graphic adventure game,2015-01-30T00:00:00Z,"Xbox One, PlayStation 4, PlayStation 3, Xbox 360",single-player video game,16
The Order: 1886,United States of America,action-adventure game,2015-02-20T00:00:00Z,PlayStation 4,single-player video game,18
Oddworld: New 'n' Tasty!,United Kingdom,metroidvania,2015-02-25T00:00:00Z,"PlayStation 4, , PlayStation Vita, PlayStation 3, , Xbox One, Nintendo Switch",single-player video game,12
Dragon Ball Xenoverse,Japan,fighting game,2015-02-26T00:00:00Z,"Xbox One, PlayStation 4, PlayStation 3, Xbox 360","multiplayer video game, single-player video game",12
Dragon Quest Heroes: The World Tree's Woe and the Blight Below,Japan,action role-playing game,2015-02-26T00:00:00Z,"PlayStation 3, PlayStation 4",single-player video game,12
Ori and the Blind Forest,Austria,action-adventure game,2015-03-11T00:00:00Z,"Xbox One, Xbox 360,",single-player video game,7
Senran Kagura: Estival Versus,Japan,action game,2015-03-26T00:00:00Z,"PlayStation 4, PlayStation Vita","single-player video game, multiplayer video game",16
Hover,France,parkour video game,2015-04-06T00:00:00Z,"PlayStation 4, Xbox One, Nintendo Switch","single-player video game, multiplayer video game, cooperative gameplay, player versus player",7
Mortal Kombat X,United States of America,fighting game,2015-04-07T00:00:00Z,"PlayStation 4, Xbox One","multiplayer video game, single-player video game",18
AirMech,United States of America,multiplayer online battle arena,2015-05-05T00:00:00Z,PlayStation 4,"multiplayer video game, single-player video game",7
Project CARS,United Kingdom,racing video game,2015-05-07T00:00:00Z,"PlayStation 4, Xbox One","multiplayer online game, single-player video game",3
The Witcher 3: Wild Hunt,Poland,action role-playing game,2015-05-19T00:00:00Z,"Nintendo Switch, Xbox Series X and Series S, PlayStation 4, PlayStation 5, Xbox One",single-player video game,18
Splatoon,Japan,third-person shooter,2015-05-28T00:00:00Z,Wii U,"multiplayer video game, single-player video game",7
Batman: Arkham Knight,United Kingdom,action-adventure game,2015-06-23T00:00:00Z,"PlayStation 4, Xbox One",single-player video game,18
Rocket League,United States of America,association football video game,2015-07-07T00:00:00Z,"PlayStation 4, Xbox One, Nintendo Switch","single-player video game, multiplayer video game, cooperative gameplay",3
The Swindle,United Kingdom,action game,2015-07-28T00:00:00Z,"Wii U, Xbox One, Nintendo Switch, PlayStation 4, PlayStation 3, PlayStation Vita",single-player video game,7
Until Dawn,United Kingdom,interactive film,2015-08-25T00:00:00Z,PlayStation 4,single-player video game,18
Metal Gear Solid V: The Phantom Pain,Japan,third-person shooter,2015-09-01T00:00:00Z,"Xbox One, PlayStation 4, PlayStation 3, Xbox 360","single-player video game, multiplayer video game",18
Broken Sword 5: The Serpent's Curse,United Kingdom,graphic adventure game,2015-09-04T00:00:00Z,"PlayStation 4, PlayStation Vita",single-player video game,12
Super Mario Maker,Japan,platform game,2015-09-11T00:00:00Z,Wii U,single-player video game,3
Undertale,United States of America,role-playing video game,2015-09-15T00:00:00Z,"PlayStation 4, PlayStation Vita, Nintendo Switch",single-player video game,12
Armikrog,United States of America,graphic adventure game,2015-09-30T00:00:00Z,"PlayStation 4, Wii U",single-player video game,7
2064: Read Only Memories,United States of America,cyberpunk video game,2015-10-06T00:00:00Z,"PlayStation 4, Nintendo Switch, PlayStation Vita, Xbox One",single-player video game,16
Keep Talking and Nobody Explodes,Canada,puzzle video game,2015-10-08T00:00:00Z,"PlayStation 4, Xbox One, Nintendo Switch","multiplayer video game, cooperative gameplay",3
Minecraft: Story Mode,United States of America,adventure game,2015-10-13T00:00:00Z,"PlayStation 3, PlayStation 4, PlayStation Vita, Xbox 360, Xbox One, Wii U",single-player video game,12
Just Dance 2016,France,rhythm game,2015-10-20T00:00:00Z,"PlayStation 3, PlayStation 4, Wii U, Xbox 360, Xbox One",single-player video game,3
Fallout 4,United States of America,action role-playing game,2015-11-10T00:00:00Z,"PlayStation 4, Xbox One",single-player video game,18
Rise of the Tomb Raider,United States of America,action-adventure game,2015-11-10T00:00:00Z,"PlayStation 4, Xbox One, Xbox 360, ,",single-player video game,18
Assassin's Creed Syndicate,Canada,action-adventure game,2015-11-19T00:00:00Z,"PlayStation 4, Xbox One",single-player video game,18
Tom Clancy's Rainbow Six Siege,Canada,first-person shooter,2015-12-01T00:00:00Z,"PlayStation 4, PlayStation 5, Xbox One, Xbox Series X and Series S","single-player video game, multiplayer video game, player versus player, cooperative gameplay",18
Inside,Denmark,puzzle video game,2016-01-01T00:00:00Z,"PlayStation 4, Xbox One, Nintendo Switch",single-player video game,18
Dragon Ball XenoVerse 2,Japan,fighting game,2016-01-01T00:00:00Z,"PlayStation 4, Xbox One, Nintendo Switch","single-player video game, multiplayer video game",12
Silence,Germany,adventure game,2016-01-01T00:00:00Z,PlayStation 4,single-player video game,12
Oxenfree,United States of America,adventure game,2016-01-14T00:00:00Z,"PlayStation 4, Xbox One, Nintendo Switch",single-player video game,12
Dragon Quest Builders,Japan,action role-playing game,2016-01-28T00:00:00Z,"PlayStation 3, PlayStation 4, PlayStation Vita, Nintendo Switch",,7
Firewatch,United States of America,adventure game,2016-02-09T00:00:00Z,"PlayStation 4, Xbox One, Nintendo Switch",single-player video game,16
Stardew Valley,United States of America,simulation video game,2016-02-26T00:00:00Z,"PlayStation 4, Nintendo Switch, PlayStation Vita, Xbox One","single-player video game, cooperative gameplay, multiplayer video game",7
Hitman,Denmark,action-adventure game,2016-03-11T00:00:00Z,"PlayStation 4, Xbox One",single-player video game,18
Hide & Dance!,Japan,rhythm game,2016-03-18T00:00:00Z,"PlayStation 4, Nintendo Switch","single-player video game, multiplayer video game, cooperative gameplay",3
Star Fox Guard,Japan,tower defense,2016-04-21T00:00:00Z,Wii U,single-player video game,7
Star Fox Zero,Japan,shoot 'em up,2016-04-21T00:00:00Z,Wii U,"multiplayer video game, single-player video game",7
Uncharted 4: A Thief's End,United States of America,action-adventure game,2016-05-10T00:00:00Z,PlayStation 4,"single-player video game, multiplayer video game, cooperative gameplay, player versus player",16
Doom,United States of America,first-person shooter,2016-05-13T00:00:00Z,"PlayStation 4, Xbox One, Nintendo Switch","multiplayer video game, single-player video game, cooperative gameplay",18
Lego Star Wars: The Force Awakens,United Kingdom,action-adventure game,2016-06-28T00:00:00Z,"Nintendo 3DS, PlayStation 3, PlayStation 4, PlayStation Vita, Wii U, Xbox 360, Xbox One","single-player video game, multiplayer video game, cooperative gameplay",7
Tales of Berseria,Japan,role-playing video game,2016-08-18T00:00:00Z,"PlayStation 3, PlayStation 4","single-player video game, multiplayer game, multiplayer video game",16
F1 2016,United Kingdom,sim racing,2016-08-18T00:00:00Z,"PlayStation 4, Xbox One","single-player video game, multiplayer video game",3
Deus Ex: Mankind Divided,Canada,action role-playing game,2016-08-23T00:00:00Z,"PlayStation 4, Xbox One",single-player video game,18
Mafia III,United States of America,third-person shooter,2016-10-07T00:00:00Z,"PlayStation 4, Xbox One",single-player video game,18
Paper Mario: Color Splash,Japan,action-adventure game,2016-10-07T00:00:00Z,Wii U,single-player video game,3
Civilization VI,United States of America,turn-based strategy video game,2016-10-21T00:00:00Z,"PlayStation 4, Xbox One, Nintendo Switch","single-player video game, multiplayer video game, multiplayer online game, cooperative gameplay",12
Handball 17,France,handball video game,2016-11-04T00:00:00Z,"PlayStation 4, Xbox One, PlayStation 3","single-player video game, multiplayer video game, shared/splitscreen multiplayer, player versus player, offline multiplayer",3
Dishonored 2,France,action-adventure game,2016-11-11T00:00:00Z,"PlayStation 4, Xbox One",single-player video game,18
Final Fantasy XV,Japan,action role-playing game,2016-11-29T00:00:00Z,"PlayStation 4, Xbox One","single-player video game, multiplayer video game",16
The Last Guardian,Japan,action-adventure game,2016-12-07T00:00:00Z,PlayStation 4,single-player video game,12
Fortnite,United States of America,survival game,2017-01-01T00:00:00Z,"Nintendo Switch, Xbox Series X and Series S, PlayStation 4, PlayStation 5, Xbox One","single-player video game, cooperative gameplay",12
Nioh,Japan,action-adventure game,2017-01-01T00:00:00Z,PlayStation 4,"single-player video game, multiplayer video game",18
Just Dance 2017,France,music video game,2017-01-01T00:00:00Z,"Nintendo Switch, PlayStation 3, PlayStation 4, Wii U, Xbox 360, Xbox One","single-player video game, cooperative gameplay",7
Sonic Forces,United States of America,platform game,2017-01-01T00:00:00Z,"PlayStation 4, Xbox One, Nintendo Switch",single-player video game,7
Blue Reflection,Japan,role-playing video game,2017-01-01T00:00:00Z,"PlayStation 4, PlayStation Vita",single-player video game,16
Cars 3: Driven to Win,United States of America,racing video game,2017-01-01T00:00:00Z,"Nintendo Switch, PlayStation 3, PlayStation 4, Wii U, Xbox 360, Xbox One","single-player video game, multiplayer video game",7
Resident Evil 7: Biohazard,Japan,survival horror,2017-01-24T00:00:00Z,"PlayStation 4, Xbox One, Nintendo Switch",single-player video game,18
Night in the Woods,United States of America,adventure game,2017-02-21T00:00:00Z,"PlayStation 4, Xbox One, Nintendo Switch",single-player video game,12
NieR: Automata,Japan,video game with LGBT character,2017-02-23T00:00:00Z,"PlayStation 4, Xbox One",single-player video game,18
Horizon Zero Dawn,Netherlands,action role-playing game,2017-02-28T00:00:00Z,PlayStation 4,single-player video game,16
1-2-Switch,Japan,party video game,2017-03-03T00:00:00Z,Nintendo Switch,"multiplayer video game, shared/splitscreen multiplayer, player versus player",7
Mass Effect: Andromeda,Canada,action role-playing game,2017-03-21T00:00:00Z,"PlayStation 4, Xbox One","single-player video game, multiplayer video game",16
Yooka-Laylee,United Kingdom,platform game,2017-04-11T00:00:00Z,"PlayStation 4, Xbox One, Nintendo Switch","multiplayer video game, single-player video game",7
Dirt 4,United Kingdom,racing video game,2017-06-08T00:00:00Z,"PlayStation 4, Xbox One","single-player video game, multiplayer video game",3
Dream Daddy: A Dad Dating Simulator,United States of America,visual novel,2017-07-13T00:00:00Z,"PlayStation 4, Nintendo Switch",single-player video game,16
Splatoon 2,Japan,action game,2017-07-21T00:00:00Z,Nintendo Switch,"multiplayer video game, single-player video game",7
Pyre,United States of America,action role-playing game,2017-07-25T00:00:00Z,PlayStation 4,"single-player video game, shared/splitscreen multiplayer",7
Dragon Quest XI,Japan,role-playing video game,2017-07-29T00:00:00Z,"Nintendo 3DS, Nintendo Switch, , PlayStation 4",single-player video game,12
Observer,Poland,psychological horror,2017-08-15T00:00:00Z,"PlayStation 4, Xbox One, Nintendo Switch",single-player video game,16
Sonic Mania,United States of America,platform game,2017-08-15T00:00:00Z,"PlayStation 4, Xbox One, Nintendo Switch","single-player video game, multiplayer video game",3
Mario + Rabbids Kingdom Battle,France,tactical role-playing game,2017-08-29T00:00:00Z,Nintendo Switch,single-player video game,7
X-Morph: Defense,Poland,action game,2017-08-30T00:00:00Z,"PlayStation 4, Xbox One","single-player video game, cooperative gameplay",12
Robonauts,Poland,platform game,2017-09-15T00:00:00Z,Nintendo Switch,"single-player video game, cooperative gameplay",7
Hob,United States of America,action-adventure game,2017-09-26T00:00:00Z,"PlayStation 4, Nintendo Switch",single-player video game,12
Fortnite Battle Royale,United States of America,battle royale game,2017-09-26T00:00:00Z,"PlayStation 4, Xbox One, Nintendo Switch, PlayStation 5",multiplayer video game,12
FIFA 18,Canada,sports video game,2017-09-29T00:00:00Z,"PlayStation 3, PlayStation 4, Xbox 360, Xbox One, Nintendo Switch","multiplayer video game, single-player video game",3
ELEX,Germany,role-playing video game,2017-10-17T00:00:00Z,"PlayStation 4, Xbox One",single-player video game,16
Just Dance 2018,France,music video game,2017-10-24T00:00:00Z,"Nintendo Switch, PlayStation 3, PlayStation 4, Wii U, Xbox 360, Xbox One","multiplayer game, single-player video game, multiplayer video game",3
Super Mario Odyssey,Japan,platform game,2017-10-27T00:00:00Z,Nintendo Switch,"single-player video game, cooperative gameplay, multiplayer video game",7
Assassin's Creed Origins,Canada,action-adventure game,2017-10-27T00:00:00Z,"PlayStation 4, Xbox One",single-player video game,18
Little Witch Academia: Chamber of Time,Japan,action role-playing game,2017-11-30T00:00:00Z,PlayStation 4,single-player video game,7
Metal Gear Survive,Japan,action-adventure game,2018-01-01T00:00:00Z,"PlayStation 4, Xbox One","single-player video game, multiplayer video game",16
Deep Rock Galactic,Denmark,indie game,2018-01-01T00:00:00Z,Xbox One,"single-player video game, multiplayer video game, cooperative gameplay",16
Celeste,Canada,platform game,2018-01-25T00:00:00Z,"PlayStation 4, Xbox One, Nintendo Switch",single-player video game,7
Dragon Ball FighterZ,Japan,fighting game,2018-01-26T00:00:00Z,"PlayStation 4, Xbox One",single-player video game,12
Monster Hunter: World,Japan,action role-playing game,2018-01-26T00:00:00Z,"PlayStation 4, Xbox One","single-player video game, multiplayer video game",16
Remothered: Tormented Fathers,Italy,survival horror,2018-01-30T00:00:00Z,"PlayStation 4, Xbox One, Nintendo Switch",single-player video game,18
Kingdom Come: Deliverance,Czech Republic,action role-playing game,2018-02-13T00:00:00Z,"PlayStation 4, Xbox One",single-player video game,18
Scribblenauts Showdown,United States of America,party video game,2018-03-06T00:00:00Z,"PlayStation 4, Xbox One, Nintendo Switch",,12
Fist of the North Star: Lost Paradise,Japan,beat 'em up,2018-03-08T00:00:00Z,PlayStation 4,single-player video game,18
Gal*Gun 2,Japan,shoot 'em up,2018-03-15T00:00:00Z,"PlayStation 4, Nintendo Switch",single-player video game,16
Sea of Thieves,United Kingdom,action-adventure game,2018-03-20T00:00:00Z,"Xbox One, Xbox Series X and Series S","single-player video game, multiplayer video game, cooperative gameplay",12
Minit,Germany,action-adventure game,2018-04-03T00:00:00Z,"PlayStation 4, Xbox One, Nintendo Switch",single-player video game,3
God of War,United States of America,action-adventure game,2018-04-20T00:00:00Z,PlayStation 4,single-player video game,18
Frostpunk,Poland,city-building game,2018-04-24T00:00:00Z,"PlayStation 4, Xbox One",single-player video game,16
Octopath Traveler,Japan,role-playing video game,2018-07-13T00:00:00Z,Nintendo Switch,single-player video game,12
Pro Evolution Soccer 2019,Japan,sports video game,2018-08-28T00:00:00Z,"PlayStation 4, Xbox One","single-player video game, multiplayer video game, cooperative gameplay",3
Spider-Man,United States of America,action-adventure game,2018-09-07T00:00:00Z,PlayStation 4,single-player video game,16
Timespinner,United States of America,action-adventure game,2018-09-25T00:00:00Z,"PlayStation 4, PlayStation Vita, Nintendo Switch","single-player video game, cooperative gameplay",12
Forza Horizon 4,United Kingdom,racing video game,2018-10-02T00:00:00Z,"Xbox One, Xbox Series X and Series S","single-player video game, multiplayer video game, cooperative gameplay",3
Call of Duty: Black Ops 4,United States of America,first-person shooter,2018-10-12T00:00:00Z,"PlayStation 4, Xbox One","multiplayer video game, cooperative gameplay",18
Return of the Obra Dinn,Japan,puzzle video game,2018-10-18T00:00:00Z,"PlayStation 4, Xbox One, Nintendo Switch",single-player video game,16
Reigns: Game of Thrones,United Kingdom,strategy video game,2018-10-18T00:00:00Z,Nintendo Switch,single-player video game,7
Thronebreaker: The Witcher Tales,Poland,fantasy video game,2018-10-23T00:00:00Z,"PlayStation 4, Xbox One, Nintendo Switch",single-player video game,12
Just Dance 2019,France,music video game,2018-10-25T00:00:00Z,"Wii, Wii U, Nintendo Switch, PlayStation 4, Xbox 360, Xbox One","multiplayer video game, single-player video game",3
Puyo Puyo Champions,Japan,puzzle video game,2018-10-25T00:00:00Z,"PlayStation 4, Xbox One, Nintendo Switch","multiplayer video game, multiplayer online game",3
Déraciné,Japan,adventure game,2018-11-06T00:00:00Z,PlayStation 4,single-player video game,12
Leisure Suit Larry: Wet Dreams Don't Dry,Germany,point-and-click adventure,2018-11-07T00:00:00Z,"PlayStation 4, Nintendo Switch",single-player video game,18
Tetris Effect,Japan,puzzle video game,2018-11-09T00:00:00Z,"PlayStation 4, Xbox Series X and Series S","single-player video game, multiplayer video game",3
Spyro Reignited Trilogy,United States of America,platform game,2018-11-13T00:00:00Z,"PlayStation 4, Xbox One, Nintendo Switch",single-player video game,7
Fallout 76,United States of America,action role-playing game,2018-11-14T00:00:00Z,"PlayStation 4, Xbox One",multiplayer video game,18
Battlefield V,Sweden,first-person shooter,2018-11-20T00:00:00Z,"PlayStation 4, Xbox One","single-player video game, multiplayer video game",16
Mutant Year Zero: Road to Eden,Sweden,turn-based tactics,2018-12-04T00:00:00Z,"PlayStation 4, Xbox One, Nintendo Switch",single-player video game,16
Super Smash Bros. Ultimate,Japan,fighting game,2018-12-07T00:00:00Z,Nintendo Switch,"multiplayer video game, single-player video game",12
Senran Kagura: Peach Ball,Japan,pinball video game,2018-12-13T00:00:00Z,Nintendo Switch,,16
Mario & Sonic at the Tokyo 2020 Olympic Games,Japan,sports video game,2019-01-01T00:00:00Z,Nintendo Switch,"single-player video game, multiplayer video game",7
Vampire: The Masquerade – Coteries of New York,Poland,interactive fiction,2019-01-01T00:00:00Z,Nintendo Switch,single-player video game,16
Tetris 99,Japan,puzzle video game,2019-02-13T00:00:00Z,Nintendo Switch,multiplayer video game,3
Crackdown 3,United Kingdom,third-person shooter,2019-02-15T00:00:00Z,Xbox One,"single-player video game, cooperative gameplay",18
Dead or Alive 6,Japan,fighting game,2019-02-15T00:00:00Z,"PlayStation 4, Xbox One","single-player video game, multiplayer video game",16
Sekiro: Shadows Die Twice,Japan,action-adventure game,2019-03-22T00:00:00Z,"PlayStation 4, Xbox One",single-player video game,18
Risk of Rain 2,United States of America,roguelike,2019-03-27T00:00:00Z,"PlayStation 4, Xbox One, Nintendo Switch","single-player video game, multiplayer video game, cooperative gameplay",12
Yoshi’s Crafted World,Japan,platform game,2019-03-29T00:00:00Z,Nintendo Switch,"single-player video game, cooperative gameplay",3
World War Z,United States of America,action game,2019-04-16T00:00:00Z,"PlayStation 4, Xbox One, Nintendo Switch","single-player video game, cooperative gameplay, multiplayer video game",18
Mortal Kombat 11,United States of America,fighting game,2019-04-23T00:00:00Z,"Nintendo Switch, Xbox Series X and Series S, PlayStation 4, PlayStation 5, Xbox One","single-player video game, multiplayer video game",18
Days Gone,United States of America,action-adventure game,2019-04-26T00:00:00Z,PlayStation 4,single-player video game,18
A Plague Tale: Innocence,France,action-adventure game,2019-05-14T00:00:00Z,"PlayStation 4, Xbox One",single-player video game,18
Team Sonic Racing,United Kingdom,racing video game,2019-05-21T00:00:00Z,"PlayStation 4, Xbox One, Nintendo Switch","single-player video game, multiplayer video game",3
Blood & Truth,United Kingdom,first-person shooter,2019-05-28T00:00:00Z,PlayStation 4,single-player video game,16
F1 2019,United Kingdom,racing video game,2019-06-28T00:00:00Z,"PlayStation 4, Xbox One","single-player video game, multiplayer video game",3
Erica,United Kingdom,interactive film,2019-08-19T00:00:00Z,PlayStation 4,single-player video game,16
Control,Finland,action-adventure game,2019-08-27T00:00:00Z,"Nintendo Switch, Xbox Series X and Series S, PlayStation 4, PlayStation 5, Xbox One",single-player video game,16
The Dark Pictures Anthology: Man of Medan,United Kingdom,horror fiction,2019-08-30T00:00:00Z,"PlayStation 4, Xbox One","single-player video game, multiplayer video game",16
Gears 5,Canada,third-person shooter,2019-09-10T00:00:00Z,"Xbox One, Xbox Series X and Series S","single-player video game, multiplayer video game, cooperative gameplay",18
Little Misfortune,Sweden,adventure game,2019-09-18T00:00:00Z,"PlayStation 4, Xbox One, Nintendo Switch",single-player video game,16
Sayonara Wild Hearts,Sweden,music video game,2019-09-19T00:00:00Z,"PlayStation 4, Nintendo Switch",,12
The Legend of Zelda: Link's Awakening,Japan,action-adventure game,2019-09-20T00:00:00Z,Nintendo Switch,single-player video game,7
Concrete Genie,United States of America,action-adventure game,2019-10-08T00:00:00Z,PlayStation 4,single-player video game,12
Just Dance 2020,France,music video game,2019-11-05T00:00:00Z,"Wii, PlayStation 4, Nintendo Switch, Xbox One",multiplayer video game,3
Death Stranding,Japan,stealth game,2019-11-08T00:00:00Z,PlayStation 4,"multiplayer video game, single-player video game",18
Star Wars Jedi: Fallen Order,United States of America,action-adventure game,2019-11-15T00:00:00Z,"PlayStation 4, Xbox One",single-player video game,16
Sakura Wars,Japan,action role-playing game,2019-12-12T00:00:00Z,PlayStation 4,single-player video game,16
Yakuza: Like a Dragon,Japan,role-playing video game,2020-01-16T00:00:00Z,"PlayStation 4, PlayStation 5, Xbox One, Xbox Series X and Series S",single-player video game,18
Animal Crossing: New Horizons,Japan,life simulation game,2020-03-20T00:00:00Z,Nintendo Switch,"single-player video game, multiplayer video game",3
Resident Evil 3,Japan,survival horror,2020-04-03T00:00:00Z,"PlayStation 4, Xbox One","single-player video game, multiplayer video game",18
MotoGP 20,Italy,racing video game,2020-04-23T00:00:00Z,"PlayStation 4, Xbox One, Nintendo Switch","single-player video game, multiplayer video game",3
The Last of Us Part II,United States of America,action-adventure game,2020-06-19T00:00:00Z,PlayStation 4,single-player video game,18
Ghost of Tsushima,United States of America,action-adventure game,2020-07-17T00:00:00Z,PlayStation 4,"single-player video game, multiplayer video game",18
Röki,United Kingdom,adventure game,2020-07-23T00:00:00Z,Nintendo Switch,single-player video game,12
Hades,United States of America,action role-playing game,2020-09-17T00:00:00Z,Nintendo Switch,single-player video game,12
Star Wars: Squadrons,Canada,action game,2020-10-02T00:00:00Z,"PlayStation 4, Xbox One","single-player video game, multiplayer video game",12
Assassin's Creed Valhalla,Canada,action-adventure game,2020-11-10T00:00:00Z,"PlayStation 4, PlayStation 5, Xbox One, Xbox Series X and Series S",single-player video game,18
Sakuna: Of Rice and Ruin,Japan,action role-playing game,2020-11-12T00:00:00Z,"PlayStation 4, Nintendo Switch",single-player video game,16
Just Dance 2021,France,music video game,2020-11-12T00:00:00Z,"Nintendo Switch, Xbox Series X and Series S, PlayStation 4, PlayStation 5, Xbox One",multiplayer video game,3
Handball 21,France,handball video game,2020-11-12T00:00:00Z,"PlayStation 4, Xbox One","single-player video game, multiplayer video game, shared/splitscreen multiplayer, player versus player, offline multiplayer",3
Call of Duty: Black Ops Cold War,United States of America,first-person shooter,2020-11-13T00:00:00Z,"PlayStation 4, PlayStation 5, Xbox One, Xbox Series X and Series S","single-player video game, multiplayer video game, cooperative gameplay, player versus player",18
Guntastic,Italy,fighting game,2020-12-04T00:00:00Z,"Xbox One, Xbox Series X and Series S","single-player video game, multiplayer video game, player versus player, shared/splitscreen multiplayer",16
Cyberpunk 2077,Poland,action role-playing game,2020-12-10T00:00:00Z,"PlayStation 4, PlayStation 5, Xbox One, Xbox Series X and Series S","single-player video game, multiplayer video game",18
Shady Part of Me,France,platform game,2020-12-10T00:00:00Z,"PlayStation 4, Xbox One, Nintendo Switch",single-player video game,7
Little Nightmares II,Sweden,puzzle-platformer,2021-01-01T00:00:00Z,"Nintendo Switch, Xbox Series X and Series S, PlayStation 4, PlayStation 5, Xbox One",single-player video game,16
Far Cry 6,France,first-person shooter,2021-01-01T00:00:00Z,"PlayStation 4, PlayStation 5, Xbox One, Xbox Series X and Series S","single-player video game, multiplayer video game",18
Riders Republic,France,extreme sports video game,2021-02-25T00:00:00Z,"PlayStation 4, PlayStation 5, Xbox One, Xbox Series X and Series S","multiplayer video game, player versus player",12
Back 4 Blood,United States of America,first-person shooter,2021-06-22T00:00:00Z,"PlayStation 4, PlayStation 5, Xbox One, Xbox Series X and Series S","single-player video game, multiplayer video game, cooperative gameplay, player versus player, offline multiplayer",18
